{
  "counts": {
    "google": {
      "notfound": 118,
      "error": 23,
      "error_paid": 0,
      "warning": 1,
      "manual": 0,
      "identified": 0
    },
    "tenon": {
      "notfound": 94,
      "error": 46,
      "error_paid": 0,
      "warning": 2,
      "manual": 0,
      "identified": 0
    },
    "wave": {
      "notfound": 85,
      "error": 25,
      "error_paid": 0,
      "warning": 18,
      "manual": 12,
      "identified": 2
    },
    "codesniffer": {
      "notfound": 93,
      "error": 29,
      "error_paid": 0,
      "warning": 0,
      "manual": 19,
      "identified": 1
    },
    "axe": {
      "notfound": 99,
      "error": 41,
      "error_paid": 0,
      "warning": 0,
      "manual": 2,
      "identified": 0
    },
    "asqatasun": {
      "notfound": 75,
      "error": 35,
      "error_paid": 0,
      "warning": 0,
      "manual": 32,
      "identified": 0
    },
    "sortsite": {
      "notfound": 85,
      "error": 50,
      "error_paid": 7,
      "warning": 0,
      "manual": 0,
      "identified": 0
    },
    "eiii": {
      "notfound": 118,
      "error": 24,
      "error_paid": 0,
      "warning": 0,
      "manual": 0,
      "identified": 0
    },
    "achecker": {
      "notfound": 93,
      "error": 29,
      "error_paid": 0,
      "warning": 15,
      "manual": 5,
      "identified": 0
    },
    "nu": {
      "notfound": 119,
      "error": 18,
      "error_paid": 0,
      "warning": 1,
      "manual": 4,
      "identified": 0
    },
    "siteimprove": {
      "notfound": 91,
      "error": 41,
      "error_paid": 0,
      "warning": 0,
      "manual": 10,
      "identified": 0
    },
    "fae": {
      "notfound": 71,
      "error": 36,
      "error_paid": 0,
      "warning": 4,
      "manual": 31,
      "identified": 0
    },
    "aslint": {
      "notfound": 89,
      "error": 33,
      "error_paid": 0,
      "warning": 7,
      "manual": 10,
      "identified": 3
    }
  },
  "totals": {
    "total": 142,
    "detectable": 122,
    "undetectable": 20
  },
  "percentages": {
    "detectable": 86,
    "tools": {
      "google": {
        "detectable": {
          "error_warning": 20,
          "error_warning_manual": 20
        },
        "total": {
          "error_warning": 17,
          "error_warning_manual": 17
        }
      },
      "tenon": {
        "detectable": {
          "error_warning": 39,
          "error_warning_manual": 39
        },
        "total": {
          "error_warning": 34,
          "error_warning_manual": 34
        }
      },
      "wave": {
        "detectable": {
          "error_warning": 35,
          "error_warning_manual": 45
        },
        "total": {
          "error_warning": 30,
          "error_warning_manual": 39
        }
      },
      "codesniffer": {
        "detectable": {
          "error_warning": 24,
          "error_warning_manual": 39
        },
        "total": {
          "error_warning": 20,
          "error_warning_manual": 34
        }
      },
      "axe": {
        "detectable": {
          "error_warning": 34,
          "error_warning_manual": 35
        },
        "total": {
          "error_warning": 29,
          "error_warning_manual": 30
        }
      },
      "asqatasun": {
        "detectable": {
          "error_warning": 29,
          "error_warning_manual": 55
        },
        "total": {
          "error_warning": 25,
          "error_warning_manual": 47
        }
      },
      "sortsite": {
        "detectable": {
          "error_warning": 47,
          "error_warning_manual": 47
        },
        "total": {
          "error_warning": 40,
          "error_warning_manual": 40
        }
      },
      "eiii": {
        "detectable": {
          "error_warning": 20,
          "error_warning_manual": 20
        },
        "total": {
          "error_warning": 17,
          "error_warning_manual": 17
        }
      },
      "achecker": {
        "detectable": {
          "error_warning": 36,
          "error_warning_manual": 40
        },
        "total": {
          "error_warning": 31,
          "error_warning_manual": 35
        }
      },
      "nu": {
        "detectable": {
          "error_warning": 16,
          "error_warning_manual": 19
        },
        "total": {
          "error_warning": 13,
          "error_warning_manual": 16
        }
      },
      "siteimprove": {
        "detectable": {
          "error_warning": 34,
          "error_warning_manual": 42
        },
        "total": {
          "error_warning": 29,
          "error_warning_manual": 36
        }
      },
      "fae": {
        "detectable": {
          "error_warning": 33,
          "error_warning_manual": 58
        },
        "total": {
          "error_warning": 28,
          "error_warning_manual": 50
        }
      },
      "aslint": {
        "detectable": {
          "error_warning": 33,
          "error_warning_manual": 41
        },
        "total": {
          "error_warning": 28,
          "error_warning_manual": 35
        }
      }
    }
  },
  "scoreboard": {
    "by_error_warning": [
      {
        "position": 1,
        "name": "sortsite",
        "error_warning": 40,
        "error_warning_manual": 40
      },
      {
        "position": 2,
        "name": "tenon",
        "error_warning": 34,
        "error_warning_manual": 34
      },
      {
        "position": 3,
        "name": "achecker",
        "error_warning": 31,
        "error_warning_manual": 35
      },
      {
        "position": 4,
        "name": "wave",
        "error_warning": 30,
        "error_warning_manual": 39
      },
      {
        "position": 5,
        "name": "axe",
        "error_warning": 29,
        "error_warning_manual": 30
      },
      {
        "position": 6,
        "name": "siteimprove",
        "error_warning": 29,
        "error_warning_manual": 36
      },
      {
        "position": 7,
        "name": "aslint",
        "error_warning": 28,
        "error_warning_manual": 35
      },
      {
        "position": 8,
        "name": "fae",
        "error_warning": 28,
        "error_warning_manual": 50
      },
      {
        "position": 9,
        "name": "asqatasun",
        "error_warning": 25,
        "error_warning_manual": 47
      },
      {
        "position": 10,
        "name": "codesniffer",
        "error_warning": 20,
        "error_warning_manual": 34
      },
      {
        "position": 11,
        "name": "eiii",
        "error_warning": 17,
        "error_warning_manual": 17
      },
      {
        "position": 12,
        "name": "google",
        "error_warning": 17,
        "error_warning_manual": 17
      },
      {
        "position": 13,
        "name": "nu",
        "error_warning": 13,
        "error_warning_manual": 16
      }
    ],
    "by_error_warning_manual": [
      {
        "position": 1,
        "name": "fae",
        "error_warning": 28,
        "error_warning_manual": 50
      },
      {
        "position": 2,
        "name": "asqatasun",
        "error_warning": 25,
        "error_warning_manual": 47
      },
      {
        "position": 3,
        "name": "sortsite",
        "error_warning": 40,
        "error_warning_manual": 40
      },
      {
        "position": 4,
        "name": "wave",
        "error_warning": 30,
        "error_warning_manual": 39
      },
      {
        "position": 5,
        "name": "siteimprove",
        "error_warning": 29,
        "error_warning_manual": 36
      },
      {
        "position": 6,
        "name": "aslint",
        "error_warning": 28,
        "error_warning_manual": 35
      },
      {
        "position": 7,
        "name": "achecker",
        "error_warning": 31,
        "error_warning_manual": 35
      },
      {
        "position": 8,
        "name": "tenon",
        "error_warning": 34,
        "error_warning_manual": 34
      },
      {
        "position": 9,
        "name": "codesniffer",
        "error_warning": 20,
        "error_warning_manual": 34
      },
      {
        "position": 10,
        "name": "axe",
        "error_warning": 29,
        "error_warning_manual": 30
      },
      {
        "position": 11,
        "name": "eiii",
        "error_warning": 17,
        "error_warning_manual": 17
      },
      {
        "position": 12,
        "name": "google",
        "error_warning": 17,
        "error_warning_manual": 17
      },
      {
        "position": 13,
        "name": "nu",
        "error_warning": 13,
        "error_warning_manual": 16
      }
    ]
  }
}